session,blink_time_s,n_frames,peak_abs_ppd,peak_ppd_value,ppd_jitter_slice,amp_change_rel,motion_energy_max,motion_energy_mean,coh5,sm5,dev5,coh9,sm9,dev9,coh13,sm13,dev13,rb_coh9,rb_sm9,rb_dev9,global_ppd_median,global_ppd_std
hp_blink_20260617_184117,9.390000,16,1.846891,1.846891,0.639881,0.114445,0.683843,0.288042,0.307385,0.900717,0.341267,0.089152,0.319761,0.278810,0.027067,0.097081,0.278810,0.186454,0.748269,0.249180,0.997583,0.786037
hp_blink_20260617_184117,10.468000,16,1.496184,1.496184,0.156120,0.227164,0.533549,0.227508,0.279144,0.938645,0.297390,0.206297,0.783427,0.263327,0.188980,0.781196,0.241911,0.011270,0.678874,0.016601,0.997583,0.786037
hp_blink_20260617_184117,11.609000,16,1.723693,1.723693,0.104494,0.657080,0.948995,0.345348,0.437801,0.957263,0.457346,0.457578,0.952515,0.480390,0.430691,0.896544,0.480390,0.000000,0.000000,0.339740,0.997583,0.786037
hp_blink_20260617_184117,12.828000,16,1.331431,1.331431,0.074564,0.309563,0.540109,0.224556,0.074816,0.911271,0.082101,0.090908,0.908508,0.100062,0.143065,0.894208,0.159991,0.009726,0.539801,0.018019,0.997583,0.786037
hp_blink_20260617_184117,17.406000,16,1.497153,-1.497153,1.063219,0.373125,1.142349,0.538448,0.000000,0.000000,2.141577,0.000000,0.000000,0.788889,0.000000,0.000000,0.473110,0.000000,0.000000,0.140294,0.997583,0.786037
hp_blink_20260617_190655,4.297000,16,0.285972,0.285972,0.059873,0.588125,0.581620,0.308787,0.006540,0.862234,0.007585,0.035105,0.848872,0.041355,0.039051,0.859479,0.045435,0.039675,0.402044,0.098684,0.106593,0.460166
hp_blink_20260617_190655,4.688000,16,0.242270,0.242270,0.060077,0.035012,0.604656,0.303327,0.053234,0.873340,0.060954,0.011139,0.898775,0.012394,0.010972,0.885294,0.012394,0.011430,0.201766,0.056652,0.106593,0.460166
hp_blink_20260617_190655,5.125000,16,0.215779,0.215779,0.061242,0.519213,0.604656,0.249869,0.164353,0.845348,0.194421,0.134008,0.867808,0.154422,0.089697,0.861147,0.104160,0.054655,0.681073,0.080248,0.106593,0.460166
hp_blink_20260617_190655,5.953000,16,1.035957,1.035957,0.284241,0.595512,1.540305,0.325756,0.245966,0.448564,0.548341,0.182943,0.604565,0.302602,0.166922,0.464919,0.359036,0.000000,0.000000,0.062323,0.106593,0.460166
hp_blink_20260617_190655,7.156000,16,0.481519,0.481519,0.212115,0.291550,1.621136,0.746219,0.082966,0.616778,0.134515,0.000277,0.509268,0.000544,0.023952,0.541635,0.044222,0.000000,0.000000,0.151478,0.106593,0.460166
hp_blink_20260617_190655,8.281000,16,0.726154,0.726154,0.097104,0.020823,0.619432,0.364105,0.471096,0.814990,0.578039,0.374917,0.770731,0.486443,0.362719,0.794181,0.456721,0.089734,0.516583,0.173707,0.106593,0.460166
hp_blink_20260617_190655,9.313000,16,0.660355,0.660355,0.057440,0.002586,0.492506,0.211811,0.317512,0.866764,0.366319,0.341977,0.859081,0.398074,0.366911,0.865314,0.424020,0.067437,0.422973,0.159435,0.106593,0.460166
hp_blink_20260617_190655,10.109000,16,0.541208,0.541208,0.064290,0.067575,0.437501,0.236455,0.271896,0.772003,0.352195,0.305230,0.816635,0.373765,0.316808,0.846545,0.374237,0.073593,0.812485,0.090577,0.106593,0.460166
hp_blink_20260617_190655,10.594000,16,0.704360,0.704360,0.216162,0.587308,1.259425,0.386093,0.064520,0.136750,0.471813,0.141427,0.382431,0.369811,0.177162,0.479060,0.369811,0.000000,0.000000,0.218046,0.106593,0.460166
hp_blink_20260617_190655,10.938000,16,0.852964,0.852964,0.364445,1.253927,1.260186,0.669605,0.000000,0.000000,0.459932,0.000871,0.002261,0.385130,0.044897,0.116219,0.386313,0.000000,0.000000,0.523455,0.106593,0.460166
hp_blink_20260617_190655,11.406000,16,2.183144,2.183144,1.416134,0.769599,1.678558,0.687527,0.000000,0.000000,0.169046,0.000000,0.000000,0.004890,0.000000,0.000000,0.222789,0.000000,0.000000,0.157516,0.106593,0.460166
hp_blink_20260617_190655,12.047000,16,2.228789,-2.228789,1.558849,3.077722,1.734605,0.638161,0.000000,0.000000,1.005184,0.000000,0.000000,1.005184,0.000000,0.000000,0.875198,0.000000,0.000000,0.858618,0.106593,0.460166
hp_blink_20260617_190655,12.688000,16,1.914457,-1.914457,0.709725,1.337074,1.734605,0.688734,0.000000,0.000000,0.028687,0.000000,0.000000,0.134964,0.000000,0.000000,0.480937,0.000000,0.000000,0.218568,0.106593,0.460166
hp_blink_20260617_190655,12.906000,16,1.550661,-1.550661,0.680879,1.455511,1.441318,0.622013,0.000000,0.000000,0.146548,0.000000,0.000000,0.028687,0.000000,0.000000,0.028687,0.000000,0.000000,0.186711,0.106593,0.460166
hp_blink_20260617_190655,13.969000,16,0.948606,0.948606,0.269953,1.318031,0.924854,0.375034,0.702026,0.915537,0.766791,0.457930,0.653806,0.700406,0.311950,0.581152,0.536780,0.163186,0.736337,0.221618,0.106593,0.460166
hp_blink_20260617_190655,15.922000,16,0.825322,0.825322,0.052596,0.112029,0.553894,0.305708,0.445481,0.861828,0.516902,0.579727,0.876648,0.661300,0.584366,0.883664,0.661300,0.005953,0.485192,0.012270,0.106593,0.460166
hp_blink_20260617_190655,16.453000,16,0.779315,0.779315,0.171115,0.280281,0.532743,0.198745,0.576211,0.927791,0.621057,0.374161,0.613205,0.610172,0.333300,0.591202,0.563767,0.039615,0.565164,0.070095,0.106593,0.460166
hp_blink_20260617_190655,18.109000,16,0.926919,-0.926919,0.458324,0.040058,1.201015,0.529302,0.288209,0.491596,0.586273,0.000000,0.000000,0.531146,0.000000,0.000000,0.457267,0.000000,0.000000,0.415471,0.106593,0.460166
hp_blink_20260617_190655,19.906000,16,0.299726,0.299726,0.075155,0.238312,0.451734,0.192976,0.229930,0.878060,0.261861,0.166894,0.837872,0.199188,0.034911,0.857147,0.040729,0.043475,0.760938,0.057133,0.106593,0.460166
hp_blink_20260617_190655,21.688000,16,0.334923,0.334923,0.112313,1.074189,0.363952,0.141835,0.196844,0.881733,0.223246,0.259726,0.862504,0.301131,0.205117,0.784432,0.261484,0.031410,0.852808,0.036831,0.106593,0.460166
hp_blink_20260617_190655,23.219000,16,0.283075,-0.283075,0.063103,0.020270,0.582786,0.226998,0.229580,0.765463,0.299924,0.247727,0.825966,0.299924,0.276009,0.856304,0.322326,0.005037,0.295713,0.017035,0.106593,0.460166
hp_blink_20260617_190655,24.703000,16,0.418001,-0.418001,0.040356,0.068691,0.378032,0.160791,0.285229,0.936766,0.304482,0.267413,0.937029,0.285384,0.291093,0.912503,0.319005,0.062594,0.826235,0.075758,0.106593,0.460166
hp_blink_20260617_190655,25.781000,16,0.284017,-0.284017,0.034192,0.532419,0.646742,0.299433,0.267532,0.934792,0.286194,0.278492,0.938359,0.296786,0.274535,0.925025,0.296786,0.000000,0.000000,0.226232,0.106593,0.460166
hp_blink_20260617_190655,26.969000,16,0.251821,-0.251821,0.042587,0.334540,1.101330,0.386358,0.317231,0.950788,0.333651,0.291639,0.892501,0.326767,0.263393,0.902155,0.291959,0.000000,0.000000,0.055560,0.106593,0.460166
hp_blink_20260617_190655,28.609000,16,0.484452,-0.484452,0.067693,0.453599,0.380303,0.150467,0.460105,0.871067,0.528208,0.392987,0.874509,0.449381,0.359162,0.882587,0.406942,0.035228,0.810328,0.043474,0.106593,0.460166
hp_blink_20260617_190655,30.891000,16,0.779883,-0.779883,0.381533,1.709825,1.335193,0.498983,0.002857,0.770227,0.003710,0.001762,0.144379,0.012204,0.008205,0.129509,0.063353,0.000000,0.000000,0.246478,0.106593,0.460166
hp_blink_20260617_190655,31.125000,16,0.779883,-0.779883,0.361704,0.855540,1.335193,0.502950,0.107173,0.662092,0.161870,0.046580,0.724838,0.064262,0.011641,0.633847,0.018366,0.000000,0.000000,0.173350,0.106593,0.460166
hp_blink_20260617_190655,33.281000,16,0.540618,-0.540618,0.029178,0.636220,0.700859,0.347505,0.557205,0.961178,0.579710,0.526248,0.943969,0.557484,0.517855,0.948571,0.545932,0.005327,0.020541,0.259337,0.106593,0.460166
hp_blink_20260617_190655,35.719000,16,0.500402,-0.500402,0.102072,0.179619,0.634829,0.277300,0.184080,0.903787,0.203676,0.188655,0.795169,0.237251,0.261388,0.805524,0.324495,0.029887,0.345056,0.086616,0.106593,0.460166
hp_blink_20260617_190655,37.031000,16,0.206101,0.206101,0.045254,0.348371,0.712603,0.353308,0.000073,0.929877,0.000079,0.008290,0.912433,0.009085,0.000072,0.912749,0.000079,0.000000,0.000000,0.373569,0.106593,0.460166
hp_blink_20260617_190655,38.141000,16,0.352903,0.352903,0.051386,0.079505,0.344785,0.167619,0.057172,0.958290,0.059660,0.035046,0.956168,0.036653,0.034024,0.928296,0.036653,0.019092,0.757038,0.025219,0.106593,0.460166
hp_blink_20260617_190655,42.250000,17,0.923309,0.923309,0.276363,0.582906,1.623107,0.552653,0.089039,0.573266,0.155318,0.098510,0.634243,0.155318,0.000372,0.583304,0.000637,0.000000,0.000000,0.419254,0.106593,0.460166
hp_blink_20260617_190655,45.328000,16,0.246671,0.246671,0.028539,0.177249,0.637422,0.183164,0.096814,0.939058,0.103097,0.067081,0.931829,0.071988,0.079763,0.934260,0.085376,0.014128,0.767479,0.018408,0.106593,0.460166
hp_blink_20260617_190655,47.906000,16,0.464072,0.464072,0.025796,0.400559,0.562597,0.231349,0.289332,0.947394,0.305398,0.310611,0.954633,0.325372,0.307768,0.945896,0.325372,0.073512,0.647780,0.113482,0.106593,0.460166
hp_blink_20260617_190655,49.500000,17,0.462690,0.462690,0.041679,0.075173,0.394325,0.173999,0.239207,0.930465,0.257084,0.204699,0.931152,0.219835,0.167109,0.933341,0.179044,0.034642,0.749758,0.046204,0.106593,0.460166
hp_blink_20260617_190655,49.828000,16,0.396945,0.396945,0.028431,0.138054,0.505158,0.225059,0.248736,0.943635,0.263593,0.246204,0.940397,0.261809,0.240999,0.937434,0.257084,0.045869,0.573681,0.079956,0.106593,0.460166
hp_blink_20260617_190655,52.625000,16,0.537566,0.537566,0.025724,0.622692,0.834961,0.364109,0.312494,0.938592,0.332939,0.339250,0.943682,0.359496,0.346637,0.944298,0.367084,0.000000,0.000000,0.156521,0.106593,0.460166
hp_blink_20260617_190655,52.922000,16,0.484619,0.484619,0.020166,0.456993,0.726523,0.264002,0.323037,0.977861,0.330350,0.317195,0.960179,0.330350,0.316728,0.954071,0.331976,0.044399,0.381488,0.116383,0.106593,0.460166
hp_blink_20260617_190655,57.156000,16,0.672071,0.672071,0.215582,0.396686,0.559294,0.252855,0.138836,0.766770,0.181066,0.161530,0.726588,0.222313,0.101337,0.559666,0.181066,0.047874,0.808537,0.059211,0.106593,0.460166
hp_blink_20260617_190655,58.719000,16,0.554345,0.554345,0.106076,0.264917,0.349027,0.150167,0.261901,0.715406,0.366087,0.251242,0.797452,0.315056,0.242557,0.769885,0.315056,0.027025,0.823276,0.032827,0.106593,0.460166
hp_blink_20260617_190655,58.922000,16,0.620946,0.620946,0.094555,0.305117,0.349027,0.142285,0.440992,0.949642,0.464377,0.356248,0.795636,0.447752,0.304615,0.832084,0.366087,0.030370,0.925153,0.032827,0.106593,0.460166
hp_blink_20260617_190655,60.422000,16,0.672587,0.672587,0.095238,0.282830,0.387940,0.220175,0.436954,0.842328,0.518746,0.330325,0.758972,0.435227,0.330427,0.792195,0.417103,0.021807,0.704820,0.030940,0.106593,0.460166
hp_blink_20260617_190655,60.797000,16,0.672587,0.672587,0.124320,0.021494,0.536371,0.184561,0.346174,0.845324,0.409517,0.290991,0.710570,0.409517,0.303194,0.726905,0.417103,0.056220,0.605911,0.092786,0.106593,0.460166
hp_blink_20260617_190655,61.141000,16,0.670555,0.670555,0.113447,0.481556,0.536371,0.142957,0.079606,0.911118,0.087371,0.011700,0.819863,0.014270,0.170557,0.824075,0.206968,0.001952,0.864830,0.002257,0.106593,0.460166
hp_blink_20260617_190655,66.500000,17,1.114960,1.114960,0.440967,0.416678,1.376426,0.670563,0.043309,0.154091,0.281064,0.000000,0.000000,0.230203,0.000000,0.000000,0.230203,0.000000,0.000000,0.177254,0.106593,0.460166
hp_blink_20260617_214655,923.281000,16,1.829997,1.829997,1.741124,0.887655,1.792916,0.698770,0.000000,0.000000,0.195746,0.000000,0.000000,0.195746,0.000000,0.000000,0.195746,0.024780,0.046793,0.529559,0.002389,1.255979
hp_blink_20260617_214655,929.125000,16,2.965761,-2.965761,1.990857,0.639266,1.120067,0.694868,0.000000,0.000000,0.537616,0.000000,0.000000,0.537616,0.000000,0.000000,0.107948,0.000000,0.000000,1.827217,0.002389,1.255979
hp_blink_20260617_214655,931.844000,16,1.869972,1.869972,1.206612,0.458601,1.183530,0.481835,0.245810,0.249991,0.983277,0.042834,0.390085,0.109807,0.001879,0.473215,0.003971,0.000000,0.000000,0.227129,0.002389,1.255979
hp_blink_20260617_214655,932.922000,16,2.468645,-2.468645,1.713131,0.422092,0.946946,0.521589,0.000000,0.000000,0.232050,0.000000,0.000000,0.232050,0.000000,0.000000,0.232050,0.000000,0.000000,0.345600,0.002389,1.255979
hp_blink_20260617_214655,936.016000,16,2.514507,2.514507,1.973785,0.077476,0.998389,0.626554,0.000000,0.000000,0.931644,0.000000,0.000000,0.462619,0.000000,0.000000,0.462619,0.030071,0.082909,0.362702,0.002389,1.255979
hp_blink_20260617_214655,938.344000,16,2.459639,-2.459639,1.470766,0.103112,1.108454,0.649078,0.356800,0.306597,1.163743,0.000000,0.000000,0.862286,0.000000,0.000000,0.362812,0.000000,0.000000,1.525883,0.002389,1.255979
,,,,,,,,,,,,,,,,,,,,,,
# NON-BLINK WINDOWS,,,,,,,,,,,,,,,,,,,,,,
hp_blink_20260617_184117,2.400000,16,0.354467,0.108857,0.814772,0.336253,0.129720,1.093557,0.842393,1.298156,0.960773,0.836522,1.148533,0.951686,0.848841,1.121160,0.038901,0.741773,0.052443,0.997583,0.786037
hp_blink_20260617_184117,33.250000,16,1.177418,0.477574,0.202831,0.843645,0.473032,0.344186,0.656038,0.524643,0.184108,0.238207,0.772890,0.172927,0.329609,0.524643,0.088184,0.296856,0.297058,0.997583,0.786037
hp_blink_20260617_184117,2.500000,16,0.354467,0.108724,0.371587,0.336253,0.149004,1.158433,0.883088,1.311798,1.089367,0.839165,1.298156,0.978162,0.851663,1.148533,0.037632,0.717583,0.052443,0.997583,0.786037
hp_blink_20260617_184117,29.900000,16,2.019598,0.412650,0.208359,0.877780,0.398658,0.075240,0.157469,0.477806,0.170575,0.402550,0.423736,0.214627,0.449192,0.477806,0.015533,0.484390,0.032067,0.997583,0.786037
hp_blink_20260617_184117,23.850000,16,1.687851,0.072848,0.710586,0.569581,0.164939,0.280091,0.955989,0.292985,0.345827,0.953116,0.362838,0.350693,0.955770,0.366922,0.015268,0.884221,0.017267,0.997583,0.786037
hp_blink_20260617_184117,23.700000,16,1.687851,0.079273,0.021559,0.569581,0.190358,0.380507,0.953986,0.398861,0.381478,0.956419,0.398861,0.375324,0.899390,0.417310,0.008858,0.838094,0.010569,0.997583,0.786037
hp_blink_20260617_184117,31.300000,16,1.966221,0.436222,0.192615,1.079356,0.318709,0.447404,0.879255,0.508845,0.336627,0.827928,0.406590,0.118085,0.440335,0.268171,0.000000,0.000000,0.243991,0.997583,0.786037
hp_blink_20260617_184117,2.650000,16,0.354467,0.105538,0.238496,0.336253,0.163751,1.237926,0.960099,1.289373,1.149070,0.885155,1.298156,1.111439,0.864193,1.286100,0.042174,0.804194,0.052443,0.997583,0.786037
hp_blink_20260617_184117,5.750000,16,1.715956,0.376575,0.216383,0.863064,0.221321,0.056170,0.077481,0.724950,0.209495,0.346927,0.603859,0.287681,0.464867,0.618846,0.036184,0.623261,0.058057,0.997583,0.786037
hp_blink_20260617_184117,35.800000,16,1.754326,0.324816,0.802747,1.167637,0.373135,0.020375,0.899697,0.022646,0.010398,0.459172,0.022646,0.017759,0.546541,0.032494,0.035610,0.787589,0.045213,0.997583,0.786037
hp_blink_20260617_190655,71.200000,16,1.254294,0.856281,1.498815,1.397614,0.516086,0.000000,0.000000,0.073636,0.000000,0.000000,0.073636,0.000000,0.000000,0.085461,0.000000,0.000000,0.344775,0.106593,0.460166
hp_blink_20260617_190655,69.500000,16,0.979068,0.430495,0.869963,1.336896,0.585275,0.248933,0.580924,0.428513,0.159816,0.486831,0.328279,0.043493,0.132486,0.328279,0.000000,0.000000,0.192427,0.106593,0.460166
hp_blink_20260617_190655,0.550000,16,2.190231,1.871227,0.910846,1.030724,0.598171,0.000000,0.000000,0.529016,0.000000,0.000000,0.622774,0.000000,0.000000,0.529016,0.000000,0.000000,1.682599,0.106593,0.460166
hp_blink_20260617_190655,68.800000,16,0.789742,0.629602,0.530681,1.416738,0.830988,0.188499,0.364371,0.517328,0.058730,0.163124,0.360031,0.000000,0.000000,0.263121,0.000000,0.000000,1.426132,0.106593,0.460166
hp_blink_20260617_190655,63.350000,16,0.240669,0.035728,0.678519,1.287122,0.356024,0.255747,0.941629,0.271600,0.255176,0.927341,0.275170,0.257701,0.927645,0.277801,0.007393,0.151641,0.048756,0.106593,0.460166
hp_blink_20260617_190655,71.100000,16,1.374652,0.904583,1.498815,1.397614,0.562747,0.000000,0.000000,0.355043,0.000000,0.000000,0.141544,0.000000,0.000000,0.141544,0.000000,0.000000,0.088378,0.106593,0.460166
hp_blink_20260617_190655,69.250000,16,0.979068,0.450728,0.371231,1.416738,0.791719,0.117024,0.356477,0.328279,0.000000,0.000000,0.328279,0.000000,0.000000,0.387981,0.000000,0.000000,0.343668,0.106593,0.460166
hp_blink_20260617_190655,0.600000,16,2.190231,1.858321,0.915166,1.030724,0.627144,0.000000,0.000000,0.719168,0.000000,0.000000,0.622774,0.000000,0.000000,0.622774,0.000000,0.000000,1.339731,0.106593,0.460166
hp_blink_20260617_190655,1.350000,16,1.776450,1.554542,0.914089,1.072227,0.515729,0.000000,0.000000,0.629209,0.000000,0.000000,0.024105,0.000000,0.000000,0.024105,0.000000,0.000000,0.244500,0.106593,0.460166
hp_blink_20260617_190655,70.250000,16,1.321931,0.425380,0.840096,1.218034,0.544490,0.000000,0.000000,0.471316,0.000000,0.000000,0.057975,0.000000,0.000000,0.018694,0.000000,0.000000,0.782159,0.106593,0.460166
hp_blink_20260617_214655,79.300000,16,2.244051,1.262285,0.652193,1.022380,0.687996,0.000000,0.000000,0.071987,0.000000,0.000000,0.579381,0.023035,0.036058,0.638835,0.000000,0.000000,0.032045,0.002389,1.255979
hp_blink_20260617_214655,714.150000,16,2.187092,1.814861,0.119928,0.947015,0.567515,0.000000,0.000000,0.906390,0.000000,0.000000,0.636705,0.000000,0.000000,0.636705,0.324651,0.152738,2.125539,0.002389,1.255979
hp_blink_20260617_214655,82.350000,16,1.643092,1.181447,0.040512,0.980705,0.591491,0.138669,0.425565,0.325847,0.002819,0.005837,0.482968,0.000037,0.010248,0.003650,0.000000,0.000000,1.785695,0.002389,1.255979
hp_blink_20260617_214655,604.000000,16,2.864241,1.841923,0.099585,1.333334,0.588634,0.005261,0.290309,0.018122,0.004587,0.042680,0.107465,0.048694,0.176260,0.276262,0.165935,0.141058,1.176360,0.002389,1.255979
hp_blink_20260617_214655,405.000000,16,2.525254,2.164099,0.001114,1.060094,0.507268,0.035622,0.248832,0.143157,0.081734,0.117781,0.693946,0.000000,0.000000,0.446214,0.000000,0.000000,1.725361,0.002389,1.255979
hp_blink_20260617_214655,399.600000,16,2.303836,1.534154,0.113631,1.014013,0.539936,0.000000,0.000000,1.314345,0.000000,0.000000,0.483707,0.000000,0.000000,0.115883,0.000000,0.000000,0.063432,0.002389,1.255979
hp_blink_20260617_214655,643.700000,16,2.455850,1.734072,0.051632,1.013163,0.594248,0.000000,0.000000,0.358248,0.000000,0.000000,0.876261,0.000000,0.000000,0.876261,0.000000,0.000000,0.273354,0.002389,1.255979
hp_blink_20260617_214655,86.900000,16,2.927926,1.983396,0.105198,1.035818,0.634127,0.000000,0.000000,1.004582,0.000000,0.000000,1.004582,0.000000,0.000000,0.759302,0.000000,0.000000,1.122719,0.002389,1.255979
hp_blink_20260617_214655,185.950000,16,2.932564,1.882331,0.003017,1.090629,0.527816,0.000000,0.000000,0.674310,0.000000,0.000000,0.674310,0.000000,0.000000,0.667163,0.000000,0.000000,0.224833,0.002389,1.255979
hp_blink_20260617_214655,792.400000,16,2.312056,1.522450,0.112363,0.993614,0.578072,0.000104,0.006692,0.015606,0.000673,0.043129,0.015606,0.000000,0.000000,0.015606,0.000000,0.000000,0.010336,0.002389,1.255979
